﻿{"cameraMode":{"drawMode":0,"name":"Shaded","section":"Shading Mode"},"sceneLighting":true,"audioPlay":false,"sceneViewState":{"showFog":true,"showMaterialUpdate":false,"showSkybox":true,"showFlares":true,"showImageEffects":true,"showParticleSystems":true},"in2DMode":false,"pivot":{"x":-0.7699244618415833,"y":-0.03722693771123886,"z":-0.8665893077850342},"rotation":{"x":-0.20813776552677155,"y":-0.07562202960252762,"z":0.01614275388419628,"w":-0.9750384092330933},"size":2.78340744972229,"orthographic":false}