﻿{"cameraMode":{"drawMode":0,"name":"Shaded","section":"Shading Mode"},"sceneLighting":true,"audioPlay":false,"sceneViewState":{"showFog":true,"showMaterialUpdate":false,"showSkybox":true,"showFlares":true,"showImageEffects":true,"showParticleSystems":true},"in2DMode":false,"pivot":{"x":0.3524742126464844,"y":0.43730366230010989,"z":-9.86230182647705},"rotation":{"x":-0.017995670437812806,"y":-0.019495420157909395,"z":-0.00035104359267279506,"w":0.9996483325958252},"size":6.691304683685303,"orthographic":true}